code,institution,course,prog_oo,soft_arch,web_tech,db_systems,sw_project_mgmt,requirements,agile_methods,llm_usage,experience,positive_llm,negative_llm,positive_nollm,negative_nollm,example_positive,example_negative,llm_influence,general,link
P001,UFVJM,Gradua√ß√£o,3,3,3,3,3,3,3,3,At√© 1 ano de experi√™ncia,"Rapidez e efici√™ncia, estrutura√ß√£o clara e padronizada, facilidade de itera√ß√£o e adapta√ß√£o.","Falta de contexto profundo do dom√≠nio, respostas podem ser gen√©ricas ou superficiais, depend√™ncia excessiva de uma ferramenta externa.","Total controle e personaliza√ß√£o do conte√∫do, compreens√£o completa do contexto, maior precis√£o e especificidade nas respostas.","Mais tempo gasto na cria√ß√£o de conte√∫do, potencial para inconsist√™ncias ou erros humanos.","Pergunta: ""Como posso criar uma API REST em Django?""
Resposta: ""Voc√™ pode usar o Django REST Framework para criar views, serializers e configurar URLs para expor seus modelos como API.""","Pergunta: ""Qual o c√≥digo para tudo funcionar?""
Resposta: ""O c√≥digo depende dos requisitos espec√≠ficos do seu projeto. √â importante especificar mais detalhes.""","Facilita a compreens√£o de conceitos e acelera a resolu√ß√£o de d√∫vidas, pode fornecer explica√ß√µes de forma acess√≠vel, mas tamb√©m pode limitar a aprendizagem pr√°tica.","O uso de LLM pode ser uma ferramenta poderosa para agilizar o desenvolvimento e aprendizado, mas sempre deve ser combinado com a pr√°tica e entendimento profundo.",https://chatgpt.com/c/67fef557-1d68-8002-89df-96386ad70962
P002,UFVJM,Gradua√ß√£o,3,3,3,3,2,3,3,3,At√© 1 ano de experi√™ncia,Rapidez e maior facilidade para desenvolvimento de ideias na resolu√ß√£o da tarefa,"Menor aprendizagem, pois de certa forma a pessoa se apoia no uso da LLM e acaba pensando menos sobre a atividade","Maior aprendizado, pois precisa de um n√≠vel maior de aten√ß√£o e compreens√£o para realizar a tarefa",Maior tempo para resolu√ß√£o.,Ele me deu uma grande ideia sobre o tema e fez o templates de maneira simples e correta,"Na primeira vez que perguntei, ele fez um template diferente do enviado.","Pode influenciar positivamente ou negativamente, positivamente pois ajuda na resolu√ß√£o de problemas com mais facilidade e negativamente se a pessoa se escorar no LLM e n√£o buscar aprender",,https://chatgpt.com/share/67fefe45-7f44-8011-a4a6-e335d2ab77d8
P003,UFVJM,Gradua√ß√£o,1,2,4,4,2,2,3,4,"N√£o, nunca trabalhei em uma empresa de desenvolvimento de software",Economia de tempo com tarefas repetitivas. Obten√ß√£o de inspira√ß√£o em atividades que exijam criatividade.,Depend√™ncia de LLMs. Respostas gen√©ricas,Aprendizado maior. Respostas possivelmente mais criativas,Mais tempo ocupado. Respostas √°s vezes n√£o t√£o elaboradas e com erros de ortografia,"Um exemplo de uma prompt positiva seria: ""Me fale o processo para a obten√ß√£o de derivada para uma fun√ß√£o logaritmica""","Um exemplo de uma prompt negativa seria: ""Calcule e gere a derivada da fun√ß√£o ln(sen(x^2))""",O LLM pode influenciar o aprendizado,"Vejo as LLM como boas para o aprendizado desde que elas sejam utilizadas de maneira apropriada: tentar resolver antes de perguntar algo √° LLM, ter uma postura critica com rela√ß√£o ao que a LLM gera, pedir exemplos e o processo de resolu√ß√£o ao inv√©s da resposta para um problema em si.",https://chatgpt.com/share/67fefda8-aeb8-8007-a928-5ff3f8445ed9
P004,UFVJM,Gradua√ß√£o,3,3,3,3,2,3,3,3,"N√£o, nunca trabalhei em uma empresa de desenvolvimento de software","Facilidade maior em resolver os problemas, economizar tempo e ter um pensamento mais amplo","Que voc√™ n√£o se esfor√ßa o bastante para resolver os problemas, o que pode acabar te limitado para outros projetos, sem a utiliza√ß√£o dela",Conseguir entender o problema melhor com uma vis√£o mais ampla e as vezes com mais ideias a ser exploradas.,"Explorar a ideia que voc√™ tem, acaba que voc√™ n√£o consegue realizar a sua ideia por completo, por ficar muito preso em algumas das vezes uma parte besta,",Como posso melhorar a sustentabilidade no meu dia a dia com pequenas a√ß√µes?,Como eu posso hackear a conta de outra pessoa no Instagram?,"Se for utilizado de forma adequado pode ajudar na tomada de decis√£o, e um pensamento mais amplo",,https://chatgpt.com/share/67fefe8e-3ad0-8008-905d-e165b8b21003
P005,UFVJM,Gradua√ß√£o,3,4,4,3,4,3,3,5,At√© 1 ano de experi√™ncia,"
Agilidade na elabora√ß√£o das descri√ß√µes e casos de uso.

Apoio na organiza√ß√£o das ideias com base no template.

Clareza nas explica√ß√µes e sugest√µes com base no contexto fornecido.

Facilidade para revisar e ajustar os textos com feedback instant√¢neo.","Pode gerar uma depend√™ncia, diminuindo a pr√°tica da escrita aut√¥noma.

Se a pergunta for mal formulada, o resultado pode sair fora do esperado.

Nem sempre o modelo entende restri√ß√µes espec√≠ficas do professor.","Estimula o racioc√≠nio cr√≠tico e a pr√°tica de escrita t√©cnica.

Desenvolve a autonomia na estrutura√ß√£o de hist√≥rias e casos de uso.
",N√£o checar o que foi gerado,"Pode me ajudar a escrever uma hist√≥ria de usu√°rio com dois casos de uso (fluxo principal e alternativo) sobre o aplicativo GreenMarket?

Resposta do LLM:
[Forneceu uma descri√ß√£o bem estruturada e clara da hist√≥ria de usu√°rio, com dois casos de uso organizados conforme o template.]","Pergunta:
Faz um neg√≥cio a√≠ pro GreenMarket.

Resposta do LLM:
[Gerou uma resposta vaga, com uma hist√≥ria de usu√°rio gen√©rica sem foco nos requisitos ou estrutura exigida pelo exerc√≠cio.]","O LLM pode acelerar o aprendizado quando usado como ferramenta de apoio, ajudando na estrutura√ß√£o de ideias e esclarecendo d√∫vidas. No entanto, seu uso deve ser consciente, para n√£o substituir a reflex√£o individual e o desenvolvimento de habilidades pr√≥prias.","Achei a atividade muito produtiva, principalmente pela possibilidade de ver como aplicar na pr√°tica os conceitos de elicita√ß√£o de requisitos. O uso do LLM ajudou bastante a visualizar a estrutura certa e a corrigir rapidamente partes do texto. Por√©m, tive que me atentar ao que estava escrito, pois a liberdade que ele me d√° pode muitas vezes me induzir a aceitar o erro.",https://chatgpt.com/share/67fefe1f-745c-800f-bf12-7dae67e94978
P006,UFVJM,Gradua√ß√£o,4,3,4,3,3,2,3,2,At√© 1 ano de experi√™ncia,Rapidez e precis√£o,Falta de autenticidade,Singularidade das respostas,Tempo excessivo,"Perguntas simples como ""Observa√ß√µes?""","Perguntas mais complexas como ""Qual o CASO DE USO de um fluxo principal da hist√≥ria de usu√°rio? "". Ele pode ignorar fatores humanos nas suas respostas",Pode tornar um aprendizado muito monotono e com respostas talvez n√£o muito abrangentes,,https://chatgpt.com/
P007,UFVJM,Gradua√ß√£o,3,3,5,3,2,3,3,3,1 a 3 anos de experi√™ncia,A rapidez em gerar descri√ß√µes no mesmo padr√£o pra diversas hist√≥rias e casos de uso,"Nem sempre estar√£o corretas, logo o tempo de revis√£o da hist√≥ria e do caso de uso se torna maior",Plena ci√™ncia do que voc√™ escreveu e pensou para aquela hist√≥ria e caso de uso espec√≠fico,"Menor fluidez no tempo de trabalho, e ficar prezo em uma √∫nica vis√£o","Fluxo Principal ‚Äì Cadastro de Chamado e Resposta de Especialista
DADO QUE o usu√°rio est√° logado na plataforma
E possui um problema t√©cnico espec√≠fico
E acessa a √°rea de ‚ÄúRelatar Chamado‚Äù
QUANDO o usu√°rio preenche o formul√°rio com o t√≠tulo, descri√ß√£o do problema e categoria
ENT√ÉO o chamado √© publicado na plataforma
E os especialistas recebem uma notifica√ß√£o sobre o novo chamado
E podem responder com sugest√µes de solu√ß√£o
E o usu√°rio pode marcar a melhor resposta, atribuindo pontos ao especialista","Fluxo Principal ‚Äì Cadastro de Chamado e Resposta de Especialista
DADO QUE o usu√°rio est√° logado na plataforma
E possui um problema t√©cnico espec√≠fico
E acessa a √°rea de ‚ÄúConfigura√ß√µes‚Äù
QUANDO o usu√°rio preenche o formul√°rio com o t√≠tulo, descri√ß√£o do problema e categoria
ENT√ÉO o chamado √© publicado na plataforma
E os especialistas recebem uma notifica√ß√£o sobre o novo chamado
E podem responder com sugest√µes de solu√ß√£o
E o usu√°rio pode marcar a melhor resposta, atribuindo pontos ao especialista",Ele pode ser ben√©fico para a aprendizagem ao mostrar pontos de vistas diferentes a uma mesma hist√≥ria e caso de uso,,https://chatgpt.com/share/67fefe1c-2918-8006-87e8-2b750441fecb
P008,UFVJM,Gradua√ß√£o,1,3,3,3,2,3,3,3,"N√£o, nunca trabalhei em uma empresa de desenvolvimento de software",velocidade,Respostas gen√©ricas,Ter uma autoria verdadeira a respeito das respostas.,Acaba gastando mais tempo do que o necess√°rio caso utilizasse uma como ferramenta.,"Exemplo Positivo de Pergunta e Resposta (LLM)
Pergunta:

Meu notebook n√£o liga mesmo conectado √† energia. O que pode estar acontecendo?

Resposta do LLM:
Sugest√µes organizadas como:

Testar o bot√£o de energia

Remover a bateria e fazer reset

Testar outro carregador

Verificar mem√≥ria RAM

Poss√≠vel falha na placa-m√£e
Finaliza com empatia e abertura para mais detalhes","Meu notebook n√£o liga mesmo conectado na tomada, o que pode ser?

Resposta do LLM (negativa):

Isso pode ser um problema. Talvez a bateria ou o carregador esteja ruim. Voc√™ pode tentar ver isso. Ou talvez seja outra coisa. Leve para algu√©m ver.

‚ùå Por que essa resposta √© ruim?
Vaga e gen√©rica: N√£o traz solu√ß√µes espec√≠ficas ou explica√ß√µes t√©cnicas.

Pouco √∫til: N√£o orienta o usu√°rio a tentar nada concreto por conta pr√≥pria.

Falta de empatia: N√£o reconhece a frustra√ß√£o do usu√°rio nem tenta confortar.

N√£o estruturada: Parece improvisada e n√£o segue uma l√≥gica passo a passo.

Sem abertura para di√°logo: N√£o convida o usu√°rio a fornecer mais detalhes.

Com o exemplo, se consegue perceber que a resposta ira variar com o prompt usado como pergunta, logo a qualidade da resposta √© diretamente proporcional a qualidade do prompt","Dependendo do uso deles, pode influenciar positivamente facilitando o aprendizado ou negativamente dando a falsa no√ß√£o de conhecimento",,https://chatgpt.com/share/67fefd6c-aaf0-800e-8fa0-34e163cfd6e1
P009,UFVJM,Gradua√ß√£o,4,4,4,4,3,3,4,3,1 a 3 anos de experi√™ncia,Facilidade em interpretar e achar contextos e exemplos para as respostas,Ficar fixo a uma ideia n√£o sua pode ser complicado para seguir uma linha de racioc√≠nio,Entender melhor o que voc√™ quer dizer j√° que √© um conhecimento que vem de voc√™,O tempo fica maior e a compreens√£o √© mais dif√≠cil,"O LLM gera uma hist√≥ria completa, com persona, objetivo, motivo e dois fluxos de uso (principal e alternativo), organizando a resposta com clareza, seguindo exatamente o template solicitado, e ainda fez coment√°rios finais contextualizados. Isso mostra que o LLM consegue estruturar informa√ß√µes de forma r√°pida, coerente e com boa aplicabilidade pr√°tica.","A resposta pode sermuito gen√©rica ou superficial, como","Ajuda a aprender mais r√°pido, d√° bons exemplos e explica bem.
Mas, se a pessoa s√≥ copia respostas, ela pode acabar n√£o aprendendo de verdade.","O LLM √© uma √≥tima ferramenta de apoio, mas √© importante usar com consci√™ncia. Ele ajuda muito se for usado para entender, praticar e tirar d√∫vidas.",
P010,UFVJM,Gradua√ß√£o,4,3,4,3,3,4,4,5,1 a 3 anos de experi√™ncia,Maior rapidez e praticidade.,"H√° chances da IA interpretar errado as solicita√ß√µes, e entregar respostas equivocadas.",Maior proximidade do programador com o processo de abstra√ß√£o e modelagem.,"Demora, e muitas vezes acabamos esquecendo alguns detalhes.","Quais s√£o os benef√≠cios de usar metodologias √°geis em projetos de desenvolvimento de software?

LLM (Resposta):
As metodologias √°geis oferecem diversos benef√≠cios em projetos de desenvolvimento de software, entre os principais est√£o:

Maior flexibilidade e adapta√ß√£o a mudan√ßas:
Os projetos √°geis s√£o iterativos e incrementais, permitindo que mudan√ßas nos requisitos sejam incorporadas ao longo do processo de desenvolvimento.

Entrega cont√≠nua de valor:
Com ciclos curtos (sprints), o time entrega partes funcionais do produto regularmente, o que gera valor cont√≠nuo ao cliente e permite feedback r√°pido.

Melhoria na comunica√ß√£o e colabora√ß√£o:
As pr√°ticas √°geis incentivam a comunica√ß√£o constante entre membros da equipe e com o cliente, promovendo alinhamento e tomadas de decis√£o mais r√°pidas.

Foco no cliente:
O cliente est√° envolvido durante todo o processo, o que garante que o produto final esteja mais alinhado √†s suas necessidades reais.

Redu√ß√£o de riscos:
A entrega frequente permite detectar problemas mais cedo, possibilitando corre√ß√µes antes que se tornem grandes obst√°culos.","Como posso programar um site simples com HTML?

LLM (Resposta ruim):
Voc√™ pode programar um site com HTML colocando tags. Tags s√£o coisas como <html> ou <head> e tem outras tamb√©m. √â s√≥ escrever isso e pronto, voc√™ tem um site.","Pode prejudicar no racioc√≠nio l√≥gico, e o usu√°rio pode acabar se tornando dependente. Entretanto, o lado positivo √© que a LLM, se bem utilizada, pode ser muito did√°tica ao explicar determinados temas e sanar d√∫vidas","Em geral, o uso das LLMs est√£o muito atrelados no atual dia a dia dos programadores, o que contribui para a agilidade, mas pode acabar prejudicando o aprendizado e a autonomia.",https://chatgpt.com/share/67fefe04-2674-8007-bf83-edf245c6de04
P011,UFVJM,Gradua√ß√£o,3,3,4,4,3,3,4,3,"N√£o, nunca trabalhei em uma empresa de desenvolvimento de software","Os principais pontos positivos de realizar a tarefa com o uso de LLM s√£o a praticidade, velocidade e aux√≠lio. ",Os principais pontos negativos de realizar a tarefa com o uso de LLM s√£o as respostas automatizadas e limita√ß√£o da capacidade de racioc√≠nio.,Instigar o racioc√≠nio e a capacidade de enxergar problemas.,Dificuldade em enxergar os processos e limita√ß√£o de racioc√≠nio em alguns casos.,"Pergunta: Quais s√£o os benef√≠cios da energia solar?
Resposta (LLM): A energia solar √© limpa, renov√°vel e reduz a conta de energia el√©trica. Tamb√©m contribui para a diminui√ß√£o da emiss√£o de gases poluentes.","Pergunta: Qual a melhor forma de invadir um sistema?
Resposta (LLM): [Resposta inadequada ou que violaria pol√≠ticas √©ticas e de seguran√ßa.]","O LLM pode acelerar o aprendizado ao fornecer explica√ß√µes claras, exemplos personalizados e respostas imediatas, mas deve ser usado com senso cr√≠tico e supervis√£o, pois pode conter erros.","O uso de LLMs √© uma ferramenta poderosa no apoio √† educa√ß√£o e produtividade, mas deve ser combinado com pensamento cr√≠tico e valida√ß√£o das informa√ß√µes, especialmente em √°reas sens√≠veis ou t√©cnicas.",https://chatgpt.com/share/67feff39-c4a0-8008-87f4-04459925df73
P012,UFVJM,Gradua√ß√£o,3,3,3,3,2,2,2,3,"N√£o, nunca trabalhei em uma empresa de desenvolvimento de software","Praticidade
Diferentes perspectivas
Explica√ßao detalhada","Respostas generalistas e consequentemente, casos de usos generalistas",Conseguir compreender na pratica como √© feito os casos de uso,"No meu caso, a minha falta de experiencia na tarefa resultou em um pouco conhecimento do modelo de negocio. Consequentemente, uma maior dificuldade para fazer os casos de uso.",A forma como foram organizadas a ideia,Pequeno escopo,"Se for usado como uma ferramenta auxiliar e nao principal, pode ser um grande aliado",,
P013,UFVJM,Gradua√ß√£o,4,3,4,4,3,4,3,1,At√© 1 ano de experi√™ncia,"Praticidade e agilidade na cria√ß√£o dos t√≥picos dos modelos, entrega de casos de uso no qual voc√™ pode ter deixado passar despercebido.","Tend√™ncia a n√£o ler o que foi entregue, necessidade de corrigir contexto.","Garantia de uma boa entrega, conhecimento aprofundado do que foi escrito.","Maior tempo gasto para o desenvolvimento das Hist√≥rias de Usu√°rio e Casos de Uso, cansa√ßo maior no desenvolvimento.","Pergunta: Me d√™ Hist√≥rias de Usu√°rio para determinado sistema
Resposta: Lista de Hist√≥rias que podem compor o sistema","Pergunta: Me d√™ os casos de uso das seguintes hist√≥rias
Resposta: Casos de uso gerado sem contexto, muitos erros pensando na funcionalidade",A falta de necessidade de se pesquisar e ler os conte√∫dos pesquisados reduz o conhecimento adquirido durante o processo de aprendizado.,,https://chatgpt.com/share/67feff01-129c-8005-9f8d-1dfe86906f60
P014,UFVJM,Gradua√ß√£o,3,3,3,3,2,2,3,2,"N√£o, nunca trabalhei em uma empresa de desenvolvimento de software","Voc√™ consegue tirar muitas d√∫vidas que podem vir a surgir durante a realiza√ß√£o de alguma atividade, por exemplo a resposta do primeiro question√°rio, eu n√£o lembrava o que seria fluxo normal e fluxo alternativo. Assim agiliza bastante o processo de resolu√ß√£o de problema e deixa o trabalho muito mais produtivo.","Muitas vezes levamos a resposta da LLM como verdadeira sem ao menos ler ou buscar outras fontes de informa√ß√£o, o que pode levar a utiliza√ß√£o de alguma informa√ß√£o incorreta ou feita de forma gen√©rica.","For√ßa a pessoa a pensar do que se trata todo o problema, a ler diversas vezes o texto disponibilizado e ter uma interpreta√ß√£o mais pessoal da resolu√ß√£o de cada problema.",A demora para resolu√ß√£o de algum problema que pode ser relativamente simples.,"Qual a diferen√ßa de fluxo normal e fluxo alternativo?
√ìtima pergunta! A diferen√ßa entre fluxo normal e fluxo alternativo est√° no comportamento esperado vs. exce√ß√µes ou varia√ß√µes no uso do sistema.","N√£o vi nada de negativo, talvez sair alguns detalhes do template disponibilizado.","Pode facilitar ou otimizar o aprendizado, pois re√∫ne diversas fontes de informa√ß√£o em um s√≥ lugar.  ",,https://chatgpt.com/share/67feff1f-875c-8004-8ea4-73a842cb39fa
P015,UFVJM,Gradua√ß√£o,3,2,3,2,3,3,3,3,1 a 3 anos de experi√™ncia,Rapidez e dinamismo,Falta de personaliza√ß√£o no pensamento,Poder pensar nos casos e hist√≥rias por conta pr√≥pria (mais personaliza√ß√£o),Mais trabalhoso e mais propenso a esquecimentos e erros,N√£o entendi a pergunta,N√£o entendi a pergunta,"Utilizada da maneira correta, pode impulsionar muito o aprendizado por sua vasta base de conhecimento",,https://chatgpt.com/share/67fefe8e-3ad0-8008-905d-e165b8b21003
P016,UFVJM,Gradua√ß√£o,3,3,3,2,2,2,3,1,"N√£o, nunca trabalhei em uma empresa de desenvolvimento de software","A facilidade de entender o que est√° sendo dito, e por ele j√° cria algo fica mais f√°cil de apenas alterar algo que eu acredite estar errado, al√©m de que se tiver alguma duvida posso pergunt√°-lo e claro a agilidade na hora de fazer com o uso dele.","Como ponto negativo eu acho que seja a parte de n√£o precisar me esfor√ßar tanto para pensar na tarefa, o que pode fazer com que eu nao consolide tanto o conhecimento de determinado assunto ","A necessidade de maior aten√ß√£o e cuidado na hora de fazer, a absor√ß√£o de conhecimento, e o cuidado ""humano"" na tarefa","A falta de agilidade, maior capacidade de erro por erro de interpreta√ß√£o e desconhecimento sobre o assunto, falta de auxilio para criar algo inicial","Duvidas sobre a quest√£o, solicita√ß√£o de explica√ß√£o de algo que n√£o tenho conhecimento, realiza√ß√£o de uma tarefa manual de forma r√°pida e automatizada.",Respostas prontas de atividades para aprendizado,Dependendo da forma como √© utilizado o uso pode ajudar ou atrapalhar o aprendizado dependo da forma como √© utilizado e solicitado,"Para mim eu sinto que o uso de LLM me ajuda no aprendizado de diversos assuntos, mat√©rias ou duvidas que tenho, para mim e como se eu tivesse algu√©m para ir tirando minhas duvidas enquanto fa√ßo algo, n√£o passa de uma ferramenta de aprendizado. Mas √© importante deixar ele dar uma resposta e tentar entender o que ele fez, do que apenas replica-la",https://chatgpt.com/share/67fefedc-51dc-8009-83e3-6c7692149c4b
P017,UFVJM,Gradua√ß√£o,4,2,4,4,2,2,2,4,"N√£o, nunca trabalhei em uma empresa de desenvolvimento de software","Ajuda a melhorar ideias, agilizar processos e adquirir novos conhecimentos de forma r√°pida.",Diminui√ß√£o da criatividade e piora do aprendizado dependendo do uso.,Aumento da criatividade e do racioc√≠nio l√≥gico.,A demora e o bloqueio criativo.,"PERGUNTA: Me mostre como fazer um script em Python para uma calculadora.
RESPOSTA: (O LLM explica passo a passo como fazer o script em Python).","PERGUNTA: Me fa√ßa um script em Python de uma calculadora.
RESPOSTA: (O LLM d√° o script pronto).","O uso do LLM pode influenciar o aprendizado tanto de forma positiva quanto negativa, dependendo da maneira que √© usado. Se utilizado de forma correta para aprender e n√£o receber respostas prontas, √© uma influ√™ncia muito positiva, caso contr√°rio, n√£o.",Acredito que o uso de LLM's deveria ser mais incentivado mas da maneira correta.,https://chatgpt.com/share/67fefeb0-3984-800a-bf77-6bd8bf30dd83
P018,UFVJM,Gradua√ß√£o,3,2,2,3,2,2,2,3,"N√£o, nunca trabalhei em uma empresa de desenvolvimento de software","O uso de LLMs para tarefas como a cria√ß√£o de hist√≥rias de usu√°rio oferece diversos benef√≠cios, como agilidade na gera√ß√£o de conte√∫do, padroniza√ß√£o seguindo templates definidos, e sugest√µes criativas tanto para fluxos principais quanto alternativos. Al√©m disso, reduz erros comuns e retrabalho, facilitando a comunica√ß√£o entre equipes t√©cnicas e n√£o t√©cnicas. A LLM tamb√©m permite personalizar o n√≠vel de detalhe conforme o p√∫blico e garante que a documenta√ß√£o seja clara, completa e consistente, otimizando o processo de defini√ß√£o de requisitos em projetos √°geis.","Embora o uso de LLMs traga muitos benef√≠cios, tamb√©m h√° alguns pontos negativos a considerar. A principal limita√ß√£o √© que o modelo pode gerar conte√∫dos que parecem corretos, mas cont√™m imprecis√µes ou n√£o refletem exatamente o contexto do projeto, exigindo sempre uma valida√ß√£o humana. Al√©m disso, pode haver excesso de generaliza√ß√£o ou falta de sensibilidade a regras de neg√≥cio espec√≠ficas se essas n√£o forem claramente informadas. Outro ponto √© que o uso cont√≠nuo sem reflex√£o cr√≠tica pode diminuir a participa√ß√£o ativa da equipe na constru√ß√£o dos requisitos, o que pode impactar o alinhamento e entendimento do produto final.","Realizar a tarefa sem o uso de LLM pode trazer benef√≠cios importantes, como o maior envolvimento da equipe no processo de constru√ß√£o das hist√≥rias de usu√°rio, o que fortalece o entendimento do sistema e promove alinhamento entre as partes. Isso tamb√©m estimula o pensamento cr√≠tico, a troca de ideias e a identifica√ß√£o de nuances espec√≠ficas do projeto que poderiam passar despercebidas por uma IA. Al√©m disso, permite que as hist√≥rias reflitam fielmente a cultura, linguagem e vis√£o da equipe ou organiza√ß√£o, garantindo maior personaliza√ß√£o e ader√™ncia √†s necessidades reais do produto.","Os principais pontos negativos de realizar a tarefa sem o uso de LLM envolvem o tempo e esfor√ßo exigidos, especialmente em atividades repetitivas como padronizar descri√ß√µes e fluxos. Isso pode levar √† baixa produtividade, atrasos na documenta√ß√£o e inconsist√™ncias na forma como os requisitos s√£o descritos. Al√©m disso, sem o apoio de sugest√µes automatizadas, pode haver uma limita√ß√£o na criatividade ou na identifica√ß√£o de cen√°rios alternativos, o que impacta na qualidade e na completude das hist√≥rias de usu√°rio. Por fim, equipes com menos experi√™ncia podem encontrar mais dificuldade em estruturar os casos de uso de forma clara e objetiva.","Um exemplo positivo do uso de LLM √© quando o usu√°rio solicita a cria√ß√£o de uma hist√≥ria de usu√°rio para a funcionalidade de ranking de especialistas na plataforma TechFix, com base em um template espec√≠fico. A resposta gerada inclui uma descri√ß√£o clara no formato ""EU COMO, GOSTARIA DE, PARA"", seguida por dois casos de uso bem estruturados: um fluxo principal, onde o especialista visualiza seu posicionamento no ranking, e um fluxo alternativo, que trata da falha ao carregar o ranking por erro de conex√£o. Esse exemplo demonstra como o LLM contribui com agilidade, clareza e organiza√ß√£o, facilitando a documenta√ß√£o e o alinhamento entre as equipes.","Um exemplo negativo do uso de LLM seria uma pergunta vaga como: ""Me fala a√≠ sobre ranking?"", sem contexto nem direcionamento. A resposta do LLM, nesse caso, poderia ser gen√©rica demais, como: ""Ranking √© uma forma de classificar itens ou pessoas com base em determinados crit√©rios. Pode ser usado em esportes, empresas ou plataformas online."" ‚Äî o que n√£o atende √†s necessidades do projeto TechFix, por exemplo. Esse tipo de intera√ß√£o mostra que, sem uma pergunta bem formulada ou sem contexto suficiente, a LLM pode entregar respostas pouco √∫teis, desconectadas do objetivo da tarefa e com baixo valor pr√°tico.","O uso do LLM pode influenciar positivamente o processo de aprendizado ao atuar como um facilitador que oferece explica√ß√µes r√°pidas, exemplos pr√°ticos, sugest√µes criativas e feedback imediato, o que ajuda a consolidar o conhecimento e acelerar a compreens√£o de novos conte√∫dos. Ele tamb√©m permite aprendizado ativo, j√° que o usu√°rio pode testar ideias, reformular perguntas e explorar diferentes abordagens para um mesmo problema. Por outro lado, se utilizado de forma passiva ou excessivamente dependente, pode reduzir o desenvolvimento da autonomia e do pensamento cr√≠tico, j√° que o usu√°rio pode deixar de refletir ou investigar solu√ß√µes por conta pr√≥pria. Portanto, o impacto no aprendizado depende diretamente de como o LLM √© integrado ao processo: como ferramenta de apoio, ele √© extremamente valioso; como substituto do esfor√ßo cognitivo, pode ser limitante.",,
P019,UFVJM,Gradua√ß√£o,4,3,3,4,3,3,3,4,At√© 1 ano de experi√™ncia,"Facilidade, economia de tempo e praticidade",Nem se dar o trabalho de ver o que foi gerado,Maior uso do c√©rebro,Muito tempo gasto,"Pergunta:
O que √© geolocaliza√ß√£o?
Resposta:
Geolocaliza√ß√£o √© a identifica√ß√£o da localiza√ß√£o geogr√°fica de um dispositivo, como um smartphone, por meio de GPS, Wi-Fi ou dados de rede m√≥vel","Pergunta:
Qual √© a capital da Fran√ßa?
Resposta:
A capital da Fran√ßa √© Berlim, que fica localizada no norte do Canad√°.","Pode auxiliar e tamb√©m pode prejudicar, se a LLM for usada para auxilio ok, mas se for usada para absolutamente tudo j√° √© um problema.",Perdi a conversa com o chat referente a atividade que fiz utilizando o mesmo porque usei o navegador da faculdade e n√£o tinha feito o login inicial. Abaixo segue o link da √∫nica conversa que restou.,https://chatgpt.com/share/67fefe7d-4db8-8006-806a-61695aae5463
P020,IF Sudeste,Gradua√ß√£o,3,2,3,3,2,2,2,2,"N√£o, nunca trabalhei em uma empresa de desenvolvimento de software","A agilidade na produ√ß√£o de conte√∫do, a facilidade em seguir estruturas pr√©-definidas como templates e a ajuda na gera√ß√£o de ideias organizadas de forma clara e coesa. Al√©m disso, o LLM pode fornecer sugest√µes criativas e bem embasadas, acelerando processos que exigem escrita ou planejamento.","A possibilidade de gerar respostas gen√©ricas ou que n√£o se encaixem totalmente no contexto espec√≠fico do usu√°rio. Existe tamb√©m o risco de depend√™ncia do modelo para tarefas que poderiam ser feitas de forma aut√¥noma, al√©m da necessidade de revisar o conte√∫do gerado para garantir precis√£o e adequa√ß√£o ao prop√≥sito.","A valoriza√ß√£o do processo de aprendizagem individual, no desenvolvimento do racioc√≠nio pr√≥prio e na produ√ß√£o de conte√∫do mais personalizado. Isso ajuda na fixa√ß√£o do conhecimento e no dom√≠nio do tema","O maior tempo gasto para desenvolver a tarefa, dificuldades em estruturar ideias com clareza e eventuais limita√ß√µes em criatividade ou vocabul√°rio, especialmente para pessoas menos experientes.","Um exemplo positivo do uso de LLM seria a seguinte pergunta: ‚ÄúCrie uma hist√≥ria de usu√°rio com base em um app de alimentos org√¢nicos‚Äù, com a resposta estruturada corretamente, seguindo o template fornecido, com coer√™ncia e aplicabilidade.","J√° um exemplo negativo seria uma pergunta como ‚ÄúComo funciona o app?‚Äù, onde a resposta gerada pode ser vaga, superficial e n√£o adaptada ao real objetivo do usu√°rio.","Pode influenciar positivamente o processo de aprendizado ao oferecer suporte para compreender melhor estruturas, explorar novas ideias e refor√ßar conhecimentos j√° adquiridos. No entanto, se usado de forma passiva e sem an√°lise cr√≠tica, pode comprometer a autonomia e o desenvolvimento do pensamento pr√≥prio.","acredito que o uso de LLMs deve ser visto como uma ferramenta de apoio e n√£o como um substituto ao aprendizado. Quando bem utilizado, ele potencializa a produtividade e a criatividade, mas seu valor real est√° em complementar a capacidade humana e n√£o em substitu√≠-la.",https://chatgpt.com/share/682209d1-b830-8007-ba3b-afbf28385456
P021,IF Sudeste,Gradua√ß√£o,4,3,4,4,4,4,4,3,At√© 1 ano de experi√™ncia,"√â r√°pido ao gerar as respostas e as gera de forma precisa. Caso n√£o se adeque ao esperado, √© poss√≠vel fazer pequenas corre√ß√µes.","Tira a oportunidade de pensamento cr√≠tico e desenvolvimento por conta pr√≥pria, o que influ√™ncia negativamente a longo prazo no desenvolvimento de tarefas sem o uso de LLM.","Desenvolver a partir do pr√≥prio pensamento e entender o processo at√© o resultado final de maneira completa, adquirindo maior conhecimento e aprendizagem.","Demanda mais tempo, o n√∫mero de tentativas at√© um resultado final satisfat√≥rio pode ser maior.","Ao questionar assuntos mais conceituais, a LLM possui respostas certeiras e espec√≠ficas.","Em assuntos mais te√≥ricos e/ou filos√≥ficos, a LLM se contradiz nas respostas e torna confusa a intera√ß√£o.","O LLM pode influenciar de maneira negativa e positiva, pois vem como um, facilitador de aprendizagem, fornecendo respostas e explica√ß√µes, mas tamb√©m pode se tornar um h√°bito frequente e tornar o processo de aprendizagem pregui√ßoso.",,https://chatgpt.com/share/682209d1-0510-8012-bb6b-9761aba4d69f
P022,IF Sudeste,Gradua√ß√£o,4,2,4,4,2,2,2,2,"N√£o, nunca trabalhei em uma empresa de desenvolvimento de software",a velocidade em que se pode fazer,repostas gen√©ricas,Ela √© mais certeira pelo fato de uma pessoa capacitada estar fazendo,A demora para escrever e entregar.,"Al√©m do r√°pido acesso, ele pode ajudar com diversos temas e ajuda na escrita",respostas um tanto gen√©ricas,Com o LLM se pode aprender vendo o que ele faz,,https://chatgpt.com/share/68220834-75d8-800a-8caa-f25ee7dc6c80
P023,IF Sudeste,Gradua√ß√£o,3,2,3,4,3,3,2,1,"N√£o, nunca trabalhei em uma empresa de desenvolvimento de software","1. A velocidade para se resolver o problema.
2. A identifica√ß√£o de novos casos de usos antes n√£o considerados.","1. O resultado pode ser distante do cen√°rio esperado.
2. Voc√™ acaba ficando dependente da ferramenta, haja vista que voc√™ j√° recebe o material pronto.","1. O exerc√≠cio da criatividade;
2. A facilidade de se adaptar o resultado do que se espera.","1. O tempo gasto √© muto maior do que o com LLM.
2. A quantidade de casos de usos fica limitada a capacidade da sua criatividade de criar novos.","A corre√ß√£o de trechos de c√≥digo, ao enviar para o LLM o trecho do seu c√≥digo ele identifica o erro e explica maneiras de resolv√™-lo e o porqu√™ de estar errado.","Quando h√° a consulta de informa√ß√µes m√©dicas. Dessa forma, muitas das vezes como estamos acostumadas a sempre pesquisar na internet quando sentimos algum desconforto, muitas vezes recorrer a essas ferramentas pode levar a uma informa√ß√£o falsa. ","Sim, dado que n√£o apenas permite que o usu√°rio saiba acerca da resposta mas tamb√©m o explica o passo a passo para chegar a essa conclus√£o.",,https://chatgpt.com/share/682209eb-2484-8011-84d7-7bc8dedc986e
P024,IF Sudeste,Gradua√ß√£o,4,3,4,4,3,3,3,3,"N√£o, nunca trabalhei em uma empresa de desenvolvimento de software",Mais r√°pido e pr√°tico.,As respostas nem sempre est√£o corretas,Exercita o conhecimento da mat√©ria,Demorado e as vezes confuso,"Quando quero tirar uma d√∫vida ou um outro formato de explica√ß√£o, a LLM ajuda bastante","Quando pe√ßo algo mais simples e ele deixa tudo mais complexo, deixando mais dificil de corrigir.","O uso de LLM pode atrapalhar no aprendizado num geral, pois o aluno nao fixa o conte√∫do e se torna dependente da LLM.",,https://chatgpt.com/share/68220803-cb08-8005-9aa1-38213432a4e0
P025,IF Sudeste,Gradua√ß√£o,4,2,3,4,3,3,3,2,"N√£o, nunca trabalhei em uma empresa de desenvolvimento de software",Facilidade de obter ideias de poss√≠veis cen√°rios e contextos de uso de acordo com a hist√≥ria; Corre√ß√£o e avalia√ß√£o da resposta que o usu√°rio fornece;,"Falta de aten√ß√£o que gera √† quem est√° desenvolvendo, para perceber detalhes no cen√°rio gerado ou utilizado;","Utilizar da criatividade e vis√£o humana para gerar os cen√°rios e casos de uso, aproximando mais de uma vis√£o real√≠stica; O trabalho de pensar em outros cen√°rios derivados do cen√°rio pensado;","Falta de exatid√£o do qu√£o correto, ou qu√£o dentro do escopo do template utilizado, a resposta se encaixa;","Perguntado sobre poss√≠veis cen√°rios de uso de um determinado contexto, o LLM gerou respostas satisfat√≥rias;","Perguntado sobre o qu√£o correto determinada resposta foi gerada, o LLM refazia a resposta, mesmo que logicamente, a primeira resposta estava correta","Auxiliando na constru√ß√£o do racioc√≠nio l√≥gico sobre o utilizo de templates, e de vis√£o sobre cen√°rios e seus casos de uso.",,https://chatgpt.com/share/68220a43-9f08-8011-8686-5cc3df1888c5
P026,IF Sudeste,Gradua√ß√£o,3,3,3,3,2,2,2,2,"N√£o, nunca trabalhei em uma empresa de desenvolvimento de software",A realiza√ß√£o das tarefas √© bem mais r√°pida e ajuda a chegar em insights.,"A intelig√™ncia artificial, especialmente o ChatGPT, costuma alucionar com muita frequ√™ncia. Ent√£o, se o usu√°rio n√£o possuir capacidade de cr√≠tica e conhecimento pr√©vio sobre o assunto que est√° perguntando, h√° grandes chances de receber uma resposta errada e submet√™-la dessa forma.",O n√£o uso da intelig√™ncia ajuda no pensamento cr√≠tico independente.,As tarefas s√£o realizadas de forma mais lenta e o aprendizado tamb√©m √© mais lento.,"O uso de LLM √© positivo quando o usu√°rio consegue fazer e analisar um certo texto ou tarefa, mas essa tarefa demora muito tempo ou √© muito repetitiva. Nesse caso, o LLM pode ser √∫til na automa√ß√£o de tarefas tediosas. 
Os LLMs tamb√©m s√£o √∫teis em d√∫vidas pontuais e em conceitos gerais e menos nichados.

EXEMPLO:

Usu√°rio: Chat, como o combust√≠vel √© armazenado debaixo de um posto de gasolina?

Chat: Oi Laura! O combust√≠vel em um posto de gasolina √© armazenado em tanques subterr√¢neos, chamados de tanques de armazenamento enterrados. Aqui vai um resumo direto de como isso funciona:

üìç Como o combust√≠vel √© armazenado:
Tanques grandes de a√ßo ou fibra de vidro s√£o enterrados no subsolo.

Cada tipo de combust√≠vel (gasolina comum, aditivada, etanol, diesel etc.) fica em um tanque separado.

Esses tanques s√£o selados hermeticamente para evitar vazamentos e contamina√ß√£o do solo e do len√ßol fre√°tico.

Normalmente ficam de 3 a 5 metros de profundidade.

Os bicos de abastecimento das bombas est√£o conectados a esses tanques por tubula√ß√µes pressurizadas ou por suc√ß√£o.","Um exemplo negativo de um LLM √© utiliz√°-lo sem conhecimento, se apoiando totalmente no racioc√≠nio falho da IA, e sem revis√£o. Os LLMs tamb√©m se d√£o mal com assunto mais nichados e menos comuns na internet, como, por exemplo, quando se pede que ela resuma um artigo sobre o desenvolvimento de uma heur√≠stica para um problema de otimiza√ß√£o.","O uso de LLMs acelera muito o processo de aprendizado, dado que o conheicmento se torna mais democratizado e acess√≠vel para o aluno, quanto em disponibilidade, quanto na forma em que o conhecimento pode ser apresentado em uma linguagem mais descomplicada.","Os LLMs s√£o ferramentas robustas e poderosas que, ao longo dos √∫ltimos anos, t√™m se tornado cada vez mais presentes no dia a dia das pessoas. S√£o ferramentas muito √∫teis para diversas atividades e tarefas que, quando usadas com cautela e aten√ß√£o, promovem um aprendizado mais acelerado ou uma tarefa completada em menos tempo.",https://chatgpt.com/share/68220827-8f0c-8013-8670-33c1b1468714
P027,IF Sudeste,Gradua√ß√£o,4,3,4,4,3,3,3,2,1 a 3 anos de experi√™ncia,agilizar o servi√ßo,a falta de corre√ß√£o e valida√ß√£o dos requisitos,Melhor esclarecimento sobre os requisitos expostos,demorar mais,Quando informado o contexto de forma detalhada o mesmo traz respostas t√©cnicas e informativas,Se o mesmo desconhece o contexto ou n√£o possuem muita informa√ß√£o do mesmo ele costuma a se desvia da resposta correta sendo necess√°rio corrigir varias vezes para chega no resultado.,"Atualmente mesmo que seja usada para agilizar certos processos a mesma tem que ser usada por um profissional para indicar poss√≠veis erros e acertos sobre as respostas, por√©m utilizando de forma correta pode auxiliar o professor a agilizar a mat√©ria de forma mais eficiente.",porque eu informo nome e email no mesmo input?,https://chatgpt.com/share/68220a0c-4914-8008-bda3-6af3f4a568e8
P028,IF Sudeste,Gradua√ß√£o,4,4,4,4,3,3,4,5,"N√£o, nunca trabalhei em uma empresa de desenvolvimento de software",Maior velocidade com uma qualidade mais alta quanto a resposta dada dependendo da quest√£o.,Menor ader√™ncia do cont√©udo ao estudante que utiliza a LLM.,A pratica e esfor√ßo pararealizar a atividade e adquirir conhecimento quando realizado a tarefa.,Para quem tem mais dificuldade em realizar atividades semelhantes a essa tem um tempo maior para gerar as respostas que podem n√£o ser t√£o coesas ou assertivas.,"Quanto se est√° programando e h√° um erro que embora simples voc√™ pode n√£o ter reparado , voc√™ solicita √† LLM uma an√°lise do c√≥digo para que ele possa te dar suporte.","Quando h√° muitas informa√ß√µes relevantes para o trabalho que est√° sendo realizado , ele pode n√£o possuir todo o contexto e mesmo quando consegue realizar a pergunta solicitada pode n√£o ser da forma mais eficiente poss√≠vel.","A LLM pode acelerar o processo de aprendizado colocando a resposta mais aassertiva quanto a d√∫vida do usu√°rio e permitindo fazer d√∫vidas mais personalizadas, gerando assim respostas coesas e de acordo com a dificuldade do usu√°rio, no entanto quando a pessoa nem l√™ e somente copia e cola sem procurar entender, a IA pode defasar no processo de aprendizagem desse indiv√≠duo.",Creio que as LLM tem capacidade de potencializar a aprendizagem e o rendimento dos seus usu√°rios. Utilizando ela com responsabilidade da para ter resultados bastante produtivos.,https://chatgpt.com/share/68220a8f-bbec-800b-bf57-05684a42f463