participant,turn,actor,code
P002,1,User,User Naive Prompt
P002,2,Model,Model Explanation
P002,2,Model,Model Asks Information
P002,3,User,User Provides Context
P002,3,User,User Defines Template
P002,4,Model,Model Contextualization
P002,4,Model,Model Adequate Solution
P002,4,Model,Model Inadequate Solution
P002,4,Model,Model Offers Reinforcements
P002,5,User,User Asks Improvements
P002,6,Model,Model Adequate Solution
P002,6,Model,Model Offers Reinforcements
P002,7,User,User Naive Prompt
P002,8,Model,Model Adequate Solution
P002,8,Model,Model Offers Reinforcements
P003,1,User,User Statement Prompt
P003,1,User,User Provides Context
P003,1,User,User Defines Template
P003,2,Model,Model Confirm Instructions
P003,2,Model,Model Adequate Solution
P003,2,Model,Model Offers Reinforcements
P003,3,User,User Asks Improvements
P003,4,Model,Model Adequate Solution
P003,4,Model,Model Explanation
P003,4,Model,Model Offers Reinforcements
P004,1,User,User Naive Prompt
P004,2,Model,Model Explanation
P004,2,Model,Model Offers Reinforcements
P004,3,User,User Provides Context
P004,3,User,User Defines Template
P004,4,Model,Model Contextualization
P004,4,Model,Model Adequate Solution
P004,4,Model,Model Offers Reinforcements
P005,1,User,User Statement Prompt
P005,1,User,User Provides Context
P005,1,User,User Defines Template
P005,1,User,User Out of Context
P005,2,Model,Model Contextualization
P005,2,Model,Model Adequate Solution
P005,2,Model,Model Offers Reinforcements
P005,2,Model,Model Out of Context
P007,1,User,User Statement Prompt
P007,1,User,User Provides Context
P007,1,User,User Defines Template
P007,2,Model,Model Confirm Instructions
P007,2,Model,Model Adequate Solution
P007,2,Model,Model Offers Reinforcements
P007,3,User,User Asks Improvements
P007,4,Model,Model Confirm Instructions
P007,4,Model,Model Adequate Solution
P007,4,Model,Model Offers Reinforcements
P007,5,User,User Repeat Ask
P007,6,Model,Model Confirm Instructions
P007,6,Model,Model Adequate Solution
P007,6,Model,Model Offers Reinforcements
P007,7,User,User Repeat Ask
P007,8,Model,Model Confirm Instructions
P007,8,Model,Model Adequate Solution
P007,8,Model,Model Offers Reinforcements
P008,1,User,User Statement Prompt
P008,1,User,User Provides Context
P008,1,User,User Defines Template
P008,2,Model,Model Confirm Instructions
P008,2,Model,Model Adequate Solution
P008,2,Model,Model Offers Reinforcements
P010,1,User,User Statement Prompt
P010,1,User,User Provides Context
P010,1,User,User Defines Template
P010,1,User,User Contextualized Prompt
P010,2,Model,Model Confirm Instructions
P010,2,Model,Model Adequate Solution
P010,2,Model,Model Offers Reinforcements
P011,1,User,User Statement Prompt
P011,1,User,User Provides Context
P011,1,User,User Defines Template
P011,2,Model,Model Confirm Instructions
P011,2,Model,Model Adequate Solution
P011,2,Model,Model Offers Reinforcements
P011,3,User,User Contextualized Prompt
P011,4,Model,Model Confirm Instructions
P011,4,Model,Model Adequate Solution
P011,4,Model,Model Offers Reinforcements
P011,5,User,User Out of Context
P011,6,Model,Model Out of Context
P013,1,User,User Statement Prompt
P013,1,User,User Provides Context
P013,1,User,User Defines Template
P013,2,Model,Model Confirm Instructions
P013,2,Model,Model Adequate Solution
P013,2,Model,Model Offers Reinforcements
P014,1,User,User Contextualized Prompt
P014,1,User,User Out of Context
P014,2,Model,Model Confirm Instructions
P014,2,Model,Model Adequate Solution
P014,2,Model,Model Out of Context
P014,2,Model,Model Offers Reinforcements
P014,3,User,User Acquiring Knowledge
P014,4,Model,Model Confirm Instructions
P014,4,Model,Model Adequate Solution
P014,4,Model,Model Offers Reinforcements
P015,1,User,User Naive Prompt
P015,2,Model,Model Inadequate Solution
P015,2,Model,Model Offers Reinforcements
P015,3,User,User Provides Context
P015,3,User,User Defines Template
P015,4,Model,Model Confirm Instructions
P015,4,Model,Model Adequate Solution
P015,4,Model,Model Offers Reinforcements
P016,1,User,User Instruct Model
P016,1,User,User Defines Template
P016,2,Model,Model Confirm Instructions
P016,3,User,User Instruct Model
P016,3,User,User Contextualized Prompt
P016,4,Model,Model Confirm Instructions
P016,5,User,User Statement Prompt
P016,6,Model,Model Confirm Instructions
P016,6,Model,Model Adequate Solution
P016,6,Model,Model Offers Reinforcements
P016,7,User,User Statement Prompt
P016,8,Model,Model Confirm Instructions
P016,8,Model,Model Adequate Solution
P016,8,Model,Model Offers Reinforcements
P016,9,User,User Statement Prompt
P016,10,Model,Model Confirm Instructions
P016,10,Model,Model Adequate Solution
P016,10,Model,Model Offers Reinforcements
P017,1,User,User Statement Prompt
P017,1,User,User Provides Context
P017,1,User,User Defines Template
P017,2,Model,Model Confirm Instructions
P017,2,Model,Model Adequate Solution
P017,2,Model,Model Offers Reinforcements
P017,3,User,User Repeat Ask
P017,4,Model,Model Confirm Instructions
P017,4,Model,Model Adequate Solution
P017,4,Model,Model Offers Reinforcements
P017,5,User,User Repeat Ask
P017,6,Model,Model Confirm Instructions
P017,6,Model,Model Adequate Solution
P017,6,Model,Model Offers Reinforcements
P017,7,User,User Out of Context
P017,8,Model,Model Out of Context
P020,1,User,User Statement Prompt
P020,1,User,User Provides Context
P020,1,User,User Defines Template
P020,2,Model,Model Confirm Instructions
P020,2,Model,Model Adequate Solution
P020,2,Model,Model Offers Reinforcements
P021,1,User,User Statement Prompt
P021,1,User,User Provides Context
P021,1,User,User Defines Template
P021,2,Model,Model Confirm Instructions
P021,2,Model,Model Adequate Solution
P021,2,Model,Model Offers Reinforcements
P021,3,User,User Asks Improvements
P021,4,Model,Model Confirm Instructions
P021,4,Model,Model Adequate Solution
P021,4,Model,Model Offers Reinforcements
P022,1,User,User Provides Context
P022,1,User,User Defines Template
P022,1,User,User Contextualized Prompt
P022,2,Model,Model Confirm Instructions
P022,2,Model,Model Adequate Solution
P022,2,Model,Model Offers Reinforcements
P026,1,User,User Contextualized Prompt
P026,1,User,User Instruct Model
P026,1,User,User Provides Context
P026,1,User,User Defines Template
P026,2,Model,Model Confirm Instructions
P026,2,Model,Model Inadequate Solution
P026,2,Model,Model Offers Reinforcements
P026,3,User,User Asks Improvements
P026,4,Model,Model Confirm Instructions
P026,4,Model,Model Inadequate Solution
P026,4,Model,Model Offers Reinforcements
P026,5,User,User Instruct Model
P026,5,User,User Statement Prompt
P026,5,User,User Provides Context
P026,5,User,User Defines Template
P026,6,Model,Model Confirm Instructions
P026,6,Model,Model Inadequate Solution
P026,6,Model,Model Offers Reinforcements
P026,7,User,User Asks Improvements
P026,8,Model,Model Confirm Instructions
P026,8,Model,Model Adequate Solution
P026,8,Model,Model Offers Reinforcements
P028,1,User,User Contextualized Prompt
P028,2,Model,Model Adequate Solution
P028,2,Model,Model Offers Reinforcements